General Government Debt (Percent of GDP);1950;1951;1952;1953;1954;1955;1956;1957;1958;1959;1960;1961;1962;1963;1964;1965;1966;1967;1968;1969;1970;1971;1972;1973;1974;1975;1976;1977;1978;1979;1980;1981;1982;1983;1984;1985;1986;1987;1988;1989;1990;1991;1992;1993;1994;1995;1996;1997;1998;1999;2000;2001;2002;2003;2004;2005;2006;2007;2008;2009;2010;2011;2012;2013;2014;2015;2016;2017;2018;2019;2020;2021;2022;2023;2024
Albania;no data;no data;no data;no data;no data;no data;no data;no data;no data;no data;no data;no data;no data;no data;no data;no data;no data;no data;no data;no data;no data;no data;no data;no data;no data;no data;no data;no data;no data;no data;no data;no data;no data;no data;no data;no data;no data;no data;no data;no data;no data;no data;no data;no data;24.629.863;29.359.587;3.469.009;51.409.342;57.010.236;57.789.526;63.018.746;59.899.958;63.343.117;59.536.068;56.798.357;57.518.871;56.021.438;52.920.536;54.491.346;58.964.788;57.040.754;58.713.917;6.141.363;69.563.244;7.114.565;7.284.941;72.462.094;7.104.928;68.655.032;66.575.406;75.380.942;74.794.583;65.197.886;58.364.757;55.652.641
Australia;no data;no data;no data;no data;no data;no data;no data;no data;no data;no data;no data;no data;no data;no data;no data;no data;no data;no data;no data;no data;no data;no data;no data;no data;no data;no data;no data;no data;no data;no data;no data;no data;no data;no data;no data;no data;no data;no data;no data;17.016.497;16.406.689;21.607.126;27.631.688;30.665.034;31.709.047;31.143.021;29.345.241;25.907.213;23.698.221;22.543.955;19.495.351;17.105.665;15.010.398;13.186.322;11.907.291;10.858.112;99.377.855;96.654.472;11.741.729;16.622.245;20.349.581;24.040.466;27.521.471;30.466.475;34.036.272;37.725.806;40.620.637;41.195.415;41.758.013;46.720.395;57.091.508;55.536.795;50.221.601;48.972.781;49.828.052
Austria;no data;no data;no data;no data;no data;no data;no data;no data;no data;no data;no data;no data;no data;no data;no data;no data;no data;no data;no data;no data;18.649.735;17.389.201;16.681.548;1.669.436;16.821.684;22.841.119;26.188.977;28.489.775;32.150.983;34.129.521;35.591.785;37.474.346;39.710.841;43.651.391;46.006.996;47.767.071;51.950.128;55.490.768;57.680.598;56.641.837;56.239.482;56.443.053;56.336.007;60.962.443;64.071.427;68.238.169;68.180.321;63.373.173;69.196.552;61.339.556;66.108.882;67.238.356;6.744.032;66.411.818;65.912.064;69.427.592;68.176.417;65.813.112;6.952.806;80.752.328;8.365.397;83.356.075;82.935.499;82.430.835;8.520.981;85.614.769;83.419.065;79.057.183;74.586.245;71.005.856;83.183.042;82.394.523;78.343.932;78.404.244;81.205.646
Belarus;no data;no data;no data;no data;no data;no data;no data;no data;no data;no data;no data;no data;no data;no data;no data;no data;no data;no data;no data;no data;no data;no data;no data;no data;no data;no data;no data;no data;no data;no data;no data;no data;no data;no data;no data;no data;no data;no data;no data;no data;no data;no data;no data;no data;no data;no data;no data;no data;no data;no data;no data;no data;no data;no data;9.222.745;81.150.967;12.274.158;15.813.183;2.029.503;32.546.849;36.805.213;58.223.333;36.946.222;36.859.473;38.790.605;53.006.888;5.348.163;53.159.846;47.515.236;40.999.215;47.493.317;4.118.201;4.079.221;40.719.905;44.377.985
Belgium;no data;no data;no data;no data;no data;no data;no data;no data;no data;no data;no data;no data;no data;no data;no data;no data;no data;no data;no data;no data;66.596.594;63.530.067;64.934.534;63.749.018;61.749.869;59.520.324;61.381.489;61.634.355;65.154.347;69.199.449;76.796.468;89.685.638;99.633.508;11.028.688;11.461.184;11.938.722;12.466.971;12.922.713;12.968.559;12.640.723;13.030.699;13.179.659;13.468.337;13.892.523;13.708.275;13.128.605;12.900.396;1.242.712;1.191.859;11.536.185;10.958.904;10.821.685;10.543.668;10.165.931;97.169.665;9.514.187;91.494.413;87.324.624;93.159.779;99.853.049;10.024.502;10.273.534;10.433.474;10.502.132;10.652.412;10.552.513;10.540.368;1.023.996;99.977.366;97.461.028;11.109.844;10.837.017;10.255.508;10.312.131;10.446.778
Bosnia and Herzegovina;no data;no data;no data;no data;no data;no data;no data;no data;no data;no data;no data;no data;no data;no data;no data;no data;no data;no data;no data;no data;no data;no data;no data;no data;no data;no data;no data;no data;no data;no data;no data;no data;no data;no data;no data;no data;no data;no data;no data;no data;no data;no data;no data;no data;no data;no data;no data;no data;54.397.341;56.038.876;34.599.347;35.127.792;31.118.246;27.563.432;25.486.874;24.861.039;20.576.926;18.168.645;30.321.124;36.368.137;4.220.547;40.940.843;43.557.458;43.754.609;47.140.103;46.375.576;4.487.429;38.615.913;3.489.422;33.168.017;37.098.361;3.561.778;3.101.327;31.587.913;32.752.304
Brazil;no data;no data;no data;no data;no data;no data;no data;no data;no data;no data;no data;no data;no data;no data;no data;no data;no data;no data;no data;no data;no data;no data;no data;no data;no data;no data;no data;no data;no data;no data;no data;no data;no data;no data;no data;no data;no data;no data;no data;no data;no data;no data;no data;no data;no data;no data;no data;no data;no data;no data;no data;67.330.659;76.095.054;7.151.364;68.025.064;66.968.516;64.598.819;63.024.659;61.420.078;64.701.584;62.433.202;6.063.371;61.614.255;59.594.682;61.617.149;71.729.677;77.422.191;82.744.953;84.777.046;87.118.481;96.006.839;88.934.272;83.938.835;84.000.518;87.283.842
Bulgaria;no data;no data;no data;no data;no data;no data;no data;no data;no data;no data;no data;no data;no data;no data;no data;no data;no data;no data;no data;no data;no data;no data;no data;no data;no data;no data;no data;no data;no data;no data;no data;no data;no data;no data;no data;no data;no data;no data;no data;no data;no data;no data;no data;no data;no data;no data;no data;96.226.652;67.454.552;75.344.999;70.717.102;64.505.119;5.100.545;43.378.565;35.728.001;26.581.739;20.872.088;16.315.904;13.017.411;13.663.296;15.296.391;15.151.927;16.579.418;16.995.402;2.700.609;25.921.783;29.102.531;25.108.936;22.139.583;20.080.731;24.440.489;23.838.633;22.484.552;22.886.156;24.078.302
Cambodia;no data;no data;no data;no data;no data;no data;no data;no data;no data;no data;no data;no data;no data;no data;no data;no data;no data;no data;no data;no data;no data;no data;no data;no data;no data;no data;no data;no data;no data;no data;no data;no data;no data;no data;no data;no data;no data;no data;no data;no data;no data;no data;no data;no data;no data;29.373.641;30.131.024;31.409.595;37.158.452;34.647.175;34.851.729;33.509.059;37.830.333;39.782.035;3.874.421;31.669.666;26.728.954;25.067.753;22.954.373;23.681.737;23.401.836;23.794.783;24.861.497;24.397.328;24.174.133;23.263.543;21.789.669;22.640.923;21.088.535;20.835.364;2.522.668;25.941.931;2.504.324;25.731.654;26.622.141
Canada;87.749.903;76.520.917;70.054.312;67.192.534;68.277.314;66.456.116;58.404.764;57.632.371;63.096.356;64.175.397;64.874.549;67.360.435;66.641.207;65.377.952;62.025.052;58.308.955;57.071.468;57.024.001;56.320.384;54.425.403;5.674.467;57.892.179;56.689.727;52.330.526;49.502.748;49.877.217;42.836.137;44.299.541;47.117.918;44.161.177;44.589.724;4.607.713;51.706.678;57.211.249;60.212.917;65.166.256;6.932.348;6.976.068;697.445;70.986.777;73.744.251;81.658.172;88.229.988;94.730.248;97.480.466;10.008.417;10.024.388;95.272.492;93.290.188;88.965.669;80.436.608;81.462.033;79.604.069;75.911.797;718.894;7.064.041;69.919.832;67.181.353;7.035.535;81.804.123;83.976.212;84.286.296;87.150.948;8.760.508;85.540.514;92.028.852;92.396.824;90.942.246;90.776.119;90.210.165;11.806.558;11.261.731;10.420.738;10.771.072;11.076.918
Chile;no data;no data;no data;no data;no data;no data;no data;no data;no data;no data;no data;no data;no data;no data;no data;no data;no data;no data;no data;no data;no data;no data;no data;no data;no data;no data;no data;no data;no data;no data;no data;no data;no data;no data;no data;no data;no data;no data;no data;no data;43.136.493;36.961.679;30.290.659;27.969.412;22.568.587;17.214.625;14.584.476;12.779.823;12.115.297;13.277.007;1.314.564;14.348.084;1.504.533;12.573.018;10.314.065;70.396.205;50.223.977;39.012.603;49.159.891;58.449.264;86.073.275;1.112.689;11.939.073;12.784.064;15.019.748;1.737.466;21.100.505;23.651.639;25.798.028;28.329.642;32.380.101;36.447.857;37.907.331;3.941.519;41.980.756
China. People's Republic of;no data;no data;no data;no data;no data;no data;no data;no data;no data;no data;no data;no data;no data;no data;no data;no data;no data;no data;no data;no data;no data;no data;no data;no data;no data;no data;no data;no data;no data;no data;no data;no data;no data;no data;no data;no data;no data;no data;no data;no data;no data;no data;no data;no data;no data;21.423.797;21.220.679;20.394.346;20.438.078;21.609.056;22.707.831;24.252.332;25.553.138;2.641.798;25.999.898;25.910.046;25.173.645;28.707.723;26.715.032;33.984.778;33.343.159;33.184.085;33.825.236;36.437.679;39.307.847;40.781.626;4.971.999;53.903.251;55.577.191;59.441.472;69.035.362;70.146.806;75.453.183;82.013.641;88.327.128
Colombia;no data;no data;no data;no data;no data;no data;no data;no data;no data;no data;no data;no data;no data;no data;no data;no data;no data;no data;no data;no data;no data;no data;no data;no data;no data;no data;no data;no data;no data;no data;no data;no data;no data;no data;no data;no data;no data;no data;no data;no data;no data;no data;no data;no data;no data;no data;23.276.291;25.252.401;27.442.235;33.968.611;37.972.177;4.107.851;47.526.084;45.021.342;41.465.506;38.532.609;35.969.176;32.663.251;32.382.419;35.386.764;3.649.704;35.783.449;33.966.527;37.592.206;43.318.837;5.037.476;49.904.076;49.448.557;51.761.259;50.971.504;65.274.227;64.416.601;61.299.782;55.456.568;61.276.566
Congo. Dem. Rep. of the;no data;no data;no data;no data;no data;no data;no data;no data;no data;no data;no data;no data;no data;no data;no data;no data;no data;no data;no data;no data;268.185;228.385;276.462;313.345;373.196;39.876;478.222;388.873;363.547;314.369;332.162;395.615;390.122;838.047;592.411;729.381;784.661;984.783;865.102;985.557;120.533;119.099;123.159;976.766;162.721;171.187;129.964;136.934;257.925;no data;13.498.226;18.541.066;13.604.229;11.446.404;16.408.604;11.199.821;10.754.943;85.089.009;80.300.868;9.161.682;31.796.115;29.320.681;25.128.495;23.827.825;22.774.442;25.483.497;32.979.113;23.179.812;19.288.227;19.392.913;24.856.474;24.685.264;22.603.115;25.060.587;19.309.748
Costa Rica;no data;no data;no data;no data;no data;no data;no data;no data;no data;no data;no data;no data;no data;no data;no data;no data;no data;no data;no data;no data;no data;no data;no data;no data;no data;no data;no data;no data;no data;no data;no data;no data;no data;no data;no data;no data;no data;no data;no data;no data;no data;no data;no data;no data;no data;no data;no data;no data;no data;no data;no data;no data;no data;no data;no data;no data;no data;no data;no data;26.086.626;28.199.326;29.991.697;34.120.779;35.387.792;3.783.697;40.204.355;44.385.987;47.434.115;52.255.879;56.922.402;67.380.816;68.144.073;63.498.513;61.602.525;60.170.254
Croatia;no data;no data;no data;no data;no data;no data;no data;no data;no data;no data;no data;no data;no data;no data;no data;no data;no data;no data;no data;no data;no data;no data;no data;no data;no data;no data;no data;no data;no data;no data;no data;no data;no data;no data;no data;no data;no data;no data;no data;no data;no data;no data;no data;no data;no data;no data;no data;no data;2.332.914;30.007.212;35.433.531;36.589.012;36.452.753;37.845.063;3.995.689;40.900.522;38.372.452;37.078.143;38.914.925;47.913.524;56.800.773;63.132.247;68.853.367;79.479.874;83.223.614;82.768.207;79.256.449;76.171.385;72.846.966;70.883.708;86.468.699;78.200.936;68.543.709;61.836.026;57.647.263
Cyprus;no data;no data;no data;no data;no data;no data;no data;no data;no data;no data;no data;no data;no data;no data;no data;no data;no data;no data;no data;no data;8.428.949;8.715.105;990.906;103.789;1.364.084;15.247.914;20.031.032;18.442.451;21.361.395;23.361.516;27.850.003;30.743.621;33.162.136;41.720.267;42.958.446;44.005.942;4.708.563;47.966.966;48.758.972;47.476.218;47.151.864;52.935.957;52.136.783;54.532.967;49.867.506;45.820.391;47.092.049;50.962.785;54.657.631;54.843.973;57.606.418;5.908.434;62.567.989;64.465.879;66.108.325;65.425.302;60.728.125;5.478.317;46.290.821;56.842.156;59.313.194;69.129.474;83.610.325;1.075.015;11.271.486;11.159.663;10.692.185;96.478.998;10.071.855;9.229.267;11.360.195;96.480.154;80.953.563;73.646.458;65.324.128
Czech Republic;no data;no data;no data;no data;no data;no data;no data;no data;no data;no data;no data;no data;no data;no data;no data;no data;no data;no data;no data;no data;no data;no data;no data;no data;no data;no data;no data;no data;no data;no data;no data;no data;no data;no data;no data;no data;no data;no data;no data;no data;no data;no data;no data;no data;no data;13.476.376;11.506.143;12.123.598;13.876.998;15.087.848;16.894.528;22.596.885;25.703.152;28.061.586;28.288.733;27.677.815;27.564.803;2.734.598;28.154.947;33.430.499;3.670.009;39.401.957;43.835.303;44.141.092;4.154.618;39.469.493;36.232.214;33.781.826;31.677.756;29.551.736;36.882.939;40.692.005;42.520.375;42.449.171;4.298.805
Denmark;no data;no data;no data;no data;no data;no data;no data;no data;no data;no data;no data;no data;no data;no data;no data;no data;no data;no data;no data;no data;10.580.173;10.715.041;93.832.142;74.233.088;69.656.805;1.117.437;13.720.674;16.935.556;20.546.112;25.328.146;45.750.444;55.938.722;67.916.415;79.066.284;80.337.738;77.814.061;7.530.272;71.877.688;70.145.489;68.313.378;69.404.483;70.245.584;66.748.112;78.673.354;7.530.654;71.453.829;6.831.606;64.388.165;60.318.608;56.788.828;53.552.572;50.096.446;50.319.806;48.162.303;46.215.143;39.359.931;33.191.019;29.482.647;3.553.918;43.048.747;46.123.275;49.986.205;4.871.121;47.769.891;48.712.443;44.550.356;41.691.946;40.152.558;38.538.748;38.334.642;46.278.416;40.487.225;34.076.839;33.588.568;27.993.064
Egypt;no data;no data;no data;no data;no data;no data;no data;no data;no data;no data;no data;no data;no data;no data;no data;no data;no data;no data;no data;no data;48.783.376;50.934.511;50.490.213;5.312.886;52.420.768;72.140.081;71.523.873;74.498.042;97.732.599;12.200.954;11.574.193;12.140.054;12.775.311;11.792.797;11.699.225;11.391.374;11.604.047;95.642.881;90.254.653;8.322.475;86.931.991;12.241.254;12.983.197;1.134.031;10.573.819;97.510.652;88.133.637;80.190.669;76.415.599;73.303.935;69.469.755;76.625.465;85.776.013;97.094.864;96.511.849;98.262.557;85.924.229;76.267.557;66.760.615;69.450.038;69.589.541;72.829.976;69.861.625;7.981.205;80.874.041;83.753.677;91.586.298;97.800.323;87.949.081;80.092.066;86.222.475;89.902.601;88.533.527;95.929.532;90.925.082
El Salvador;no data;no data;no data;no data;no data;no data;no data;no data;no data;no data;no data;no data;no data;no data;no data;no data;no data;no data;no data;no data;no data;no data;no data;no data;no data;no data;no data;no data;no data;no data;no data;no data;no data;no data;no data;no data;no data;no data;no data;no data;no data;43.329.259;36.360.822;31.868.472;30.549.341;28.040.955;28.547.973;27.790.849;25.652.232;2.799.492;295.513;37.842.448;43.799.845;45.962.141;46.813.034;46.286.297;52.558.957;5.219.704;54.211.737;65.778.377;66.794.161;65.597.504;69.993.538;69.654.804;71.791.097;73.463.793;75.213.939;77.135.808;76.960.899;77.906.137;95.365.187;87.955.125;83.346.015;84.683.739;87.584.021
Estonia;no data;no data;no data;no data;no data;no data;no data;no data;no data;no data;no data;no data;no data;no data;no data;no data;no data;no data;no data;no data;no data;no data;no data;no data;no data;no data;no data;no data;no data;no data;no data;no data;no data;no data;no data;no data;no data;no data;no data;no data;no data;no data;no data;no data;no data;86.590.098;72.978.961;60.334.512;53.982.726;59.327.435;51.137.137;49.325.993;56.601.652;55.986.701;51.586.871;4.733.175;47.166.197;39.080.219;46.729.872;79.759.194;79.902.264;75.965.275;11.146.951;1.143.492;11.563.137;10.789.643;10.239.326;94.344.783;85.069.187;9.047.115;19.095.612;18.418.603;19.112.143;20.183.682;2.361.853
Ethiopia;no data;no data;no data;no data;no data;no data;no data;no data;no data;no data;no data;no data;no data;no data;no data;no data;no data;no data;no data;no data;7.360.249;80.514.374;82.784.273;81.100.798;76.720.378;10.942.378;13.533.486;14.270.992;15.864.701;1.729.675;18.543.547;30.648.862;48.806.334;55.217.894;65.355.375;67.694.989;75.708.571;82.286.975;84.317.615;8.470.365;91.614.546;89.256.378;88.934.283;12.989.762;14.479.201;13.821.098;12.895.956;7.743.302;86.010.233;94.255.795;93.632.601;97.324.758;10.736.278;10.369.073;10.310.411;78.238.785;79.631.148;55.703.958;56.056.028;29.960.088;39.436.001;44.564.936;39.358.315;44.103.875;4.415.245;5.074.312;51.803.215;55.278.048;58.448.871;54.698.545;53.697.265;53.771.685;46.927.122;38.737.322;32.296.546
Finland;no data;no data;no data;no data;no data;no data;no data;no data;no data;no data;12.657.802;10.733.665;11.432.127;12.820.592;13.018.718;13.907.527;13.946.668;14.322.455;14.302.894;13.646.678;11.974.829;10.813.977;98.419.417;80.319.899;6.375.619;67.634.159;70.919.399;82.194.047;10.650.997;11.046.546;10.893.435;11.543.959;13.851.155;15.379.206;15.179.735;15.837.202;16.442.756;17.649.202;16.535.042;14.269.444;13.854.756;21.890.134;39.285.757;5.419.552;56.193.595;55.204.461;55.363.464;52.235.383;46.843.421;44.020.711;42.447.172;40.896.738;40.128.672;42.697.444;42.576.902;39.869.797;38.005.102;33.906.356;32.562.689;41.534.102;50.112.886;52.024.432;57.856.152;60.811.707;64.812.611;68.764.273;68.649.202;66.580.777;65.278.321;65.241.487;75.414.761;73.247.211;74.033.739;77.301.908;82.530.305
France;no data;no data;no data;no data;no data;no data;no data;no data;no data;no data;no data;no data;no data;no data;no data;no data;no data;no data;no data;no data;no data;no data;no data;no data;no data;no data;no data;no data;21.425.996;21.538.828;21.298.485;2.263.993;26.201.027;27.733.164;30.190.666;31.851.217;32.395.672;34.755.291;34.667.055;35.525.607;36.791.325;37.772.083;41.705.228;48.157.848;51.580.402;57.805.004;60.593.469;61.983.253;62.099.697;61.423.125;59.721.388;59.322.254;61.256.043;6.536.386;66.879.403;68.186.037;65.400.811;65.476.775;69.819.176;84.055.614;8.627.793;88.749.329;91.741.949;94.555.055;96.163.266;96.970.022;98.153.121;98.761.564;98.528.337;98.161.875;11.490.004;11.278.574;1.113.631;10.977.403;11.310.798
Georgia;no data;no data;no data;no data;no data;no data;no data;no data;no data;no data;no data;no data;no data;no data;no data;no data;no data;no data;no data;no data;no data;no data;no data;no data;no data;no data;no data;no data;no data;no data;no data;no data;no data;no data;no data;no data;no data;no data;no data;no data;no data;no data;no data;no data;no data;19.817.844;38.912.382;48.167.098;8.000.765;76.455.191;72.597.495;6.935.379;67.389.774;61.286.955;4.905.762;38.853.349;3.117.433;24.835.488;3.031.823;39.927.792;39.720.662;34.136.538;32.669.055;31.937.121;30.584.068;38.094.776;41.372.055;41.016.133;40.699.198;42.824.435;63.281.633;52.512.889;41.623.628;40.988.956;37.865.195
Germany;18.811.777;16.686.637;15.705.143;20.561.889;21.810.273;20.210.323;18.810.424;18.077.472;17.935.647;17.670.612;16.511.505;1.630.565;15.851.133;166.209;16.638.594;17.262.295;18.055.041;20.730.319;20.805.569;18.711.402;17.660.809;17.740.426;17.961.906;17.326.166;18.523.355;23.659.306;25.081.258;26.034.977;27.368.866;28.243.689;30.135.038;33.613.711;36.438.177;37.965.751;38.658.178;3.922.932;39.087.201;40.108.059;40.524.931;39.193.367;40.736.303;3.948.549;41.862.576;45.512.365;47.874.942;55.287.511;58.109.574;59.206.529;59.808.635;60.349.213;59.238.799;58.061.561;59.823.106;63.344.326;64.964.894;67.120.191;66.396.722;63.687.053;65.160.251;72.336.274;81.008.922;78.457.972;79.803.562;77.435.095;74.520.346;71.215.919;68.282.224;64.026.225;60.809.267;58.701.059;68.035.175;68.076.818;64.997.332;62.877.686;6.388.822
Greece;no data;no data;no data;no data;no data;no data;no data;no data;no data;no data;86.443.109;9.019.528;97.514.621;11.558.262;12.418.604;12.788.068;14.450.301;16.149.749;17.400.647;18.899.849;18.790.195;19.164.274;20.055.755;16.549.946;17.468.913;19.148.915;18.643.321;18.805.694;2.438.922;22.713.452;22.843.665;27.057.819;29.723.325;34.064.615;406.258;47.278.915;47.806.817;53.152.028;57.873.949;60.665.177;74.186.225;75.736.129;81.095.659;10.170.302;99.682.052;10.038.662;10.372.417;1.025.989;10.078.523;10.284.298;10.885.406;11.053.475;10.787.131;10.425.857;10.549.313;10.985.894;10.533.419;10.463.716;11.090.731;12.848.185;14.784.617;17.507.556;1.642.785;18.050.955;1.828.236;18.000.055;18.367.482;18.262.305;18.955.279;18.369.059;20.992.691;19.780.558;17.844.083;16.515.437;15.089.135
Honduras;no data;no data;no data;no data;no data;no data;no data;no data;no data;no data;no data;no data;no data;no data;no data;no data;no data;no data;no data;no data;no data;no data;no data;no data;no data;no data;no data;no data;no data;no data;no data;no data;no data;no data;no data;no data;no data;no data;no data;no data;20.029.616;12.221.046;11.650.922;10.797.371;86.429.491;65.378.485;64.642.801;70.841.292;64.241.208;6.832.121;61.500.512;5.869.819;53.079.164;57.618.323;56.811.273;4.359.462;28.673.129;17.006.792;18.492.319;21.625.112;24.348.538;26.932.106;30.511.801;37.119.703;3.671.806;37.159.519;3.759.014;39.952.689;40.354.284;4.172.651;53.194.282;49.215.255;47.235.227;42.294.691;41.143.172
Hungary;no data;no data;no data;no data;no data;no data;no data;no data;no data;no data;no data;no data;no data;no data;no data;no data;no data;no data;no data;no data;no data;no data;no data;no data;no data;no data;no data;no data;no data;no data;no data;no data;no data;no data;no data;no data;no data;no data;no data;70.457.287;63.444.392;73.996.389;76.234.441;86.956.358;85.871.664;83.868.392;7.116.823;62.195.736;60.422.119;60.296.603;55.637.609;5.220.472;55.556.735;58.174.428;58.907.097;60.578.757;64.488.944;65.579.937;71.801.081;78.188.368;80.174.301;80.468.347;78.363.984;77.220.233;76.490.502;75.724.127;74.645.886;72.001.639;68.816.159;64.988.431;78.686.584;76.214.604;73.861.006;72.966.242;73.454.354
Iceland;14.551.616;14.449.046;13.642.236;10.718.979;9.255.047;85.625.906;67.108.068;66.477.082;51.131.326;49.617.047;1.363.206;84.949.271;7.466.512;78.944.387;79.748.071;77.793.918;5.563;87.958.246;14.221.076;14.641.349;11.442.099;11.748.565;14.543.656;1.146.252;12.541.627;16.387.483;17.174.001;18.375.301;19.803.421;21.067.239;24.774.048;22.372.047;28.948.088;30.751.438;32.424.858;32.016.791;2.986.556;27.326.043;30.588.221;35.286.097;35.489.942;37.607.619;45.401.092;5.229.382;54.808.423;58.070.268;55.574.695;52.047.615;43.952.795;76.592.958;75.796.302;83.382.672;8.215.995;8.506.786;80.861.399;68.931.071;70.651.032;68.404.314;11.035.666;12.877.334;1.331.411;1.381.759;13.392.495;1.219.603;11.529.913;97.322.974;82.471.489;71.742.256;63.246.715;66.527.874;77.511.551;74.915.257;67.534.232;61.991.208;59.077.272
India;no data;no data;no data;no data;no data;no data;no data;no data;no data;no data;no data;no data;no data;no data;no data;no data;no data;no data;no data;no data;no data;no data;no data;no data;no data;no data;no data;no data;no data;no data;no data;no data;no data;no data;no data;no data;no data;no data;no data;no data;no data;76.653.394;78.762.417;78.328.376;74.752.747;70.875.515;67.133.481;69.007.533;69.283.871;71.266.784;74.940.513;80.110.431;84.304.258;85.882.905;84.890.373;82.377.826;77.941.104;75.455.097;74.367.659;72.769.814;67.701.787;68.647.829;67.984.532;67.713.353;67.102.041;69.048.587;68.943.091;69.669.383;70.392.344;75.040.396;88.426.608;83.486.538;8.217.323;81.230.795;81.285.982
Indonesia;no data;no data;no data;no data;no data;no data;no data;no data;no data;no data;no data;no data;no data;no data;no data;no data;no data;no data;no data;no data;no data;no data;no data;no data;no data;no data;no data;no data;no data;no data;no data;no data;no data;no data;no data;no data;no data;no data;no data;no data;no data;no data;no data;no data;no data;no data;no data;no data;no data;no data;87.437.299;73.702.115;62.339.381;55.642.692;51.328.172;42.611.727;35.847.734;3.812.094;30.252.037;26.483.126;26.363.125;23.106.018;22.954.664;24.884.377;24.645.273;27.013.304;27.955.461;29.395.537;30.422.723;30.563.455;39.747.126;41.140.307;40.140.611;39.601.294;40.188.701
Ireland;no data;no data;no data;no data;no data;no data;no data;no data;no data;no data;no data;no data;no data;no data;no data;no data;no data;no data;no data;no data;no data;no data;no data;no data;no data;no data;no data;no data;no data;63.457.207;64.601.484;68.781.936;73.450.466;86.146.982;90.231.415;92.958.831;10.723.114;10.826.389;10.650.778;97.920.509;92.656.185;93.763.033;90.567.092;93.368.515;88.020.232;78.521.928;69.833.403;61.578.386;51.413.883;46.570.142;3.641.231;33.577.882;30.889.572;29.832.048;28.103.149;26.059.681;23.653.226;23.948.394;42.513.736;6.176.463;86.134.993;10.942.825;11.872.992;11.749.445;10.127.588;73.961.599;72.639.624;65.233.855;61.471.633;55.924.411;5.700.719;52.564.195;43.149.197;43.283.309;41.113.213
Israel;no data;no data;no data;no data;no data;no data;no data;no data;no data;no data;no data;no data;no data;no data;no data;no data;no data;no data;no data;no data;no data;no data;no data;no data;no data;no data;no data;no data;no data;no data;no data;no data;no data;24.744.242;26.976.935;18.904.517;1.543.494;13.607.035;138.094;14.004.626;13.134.453;11.747.931;11.365.231;11.239.251;10.467.956;93.058.226;91.563.174;90.170.138;91.952.618;8.651.851;77.145.572;81.046.995;87.127.336;89.542.273;88.183.138;85.174.746;77.473.512;7.068.641;7.015.042;72.467.188;6.894.016;67.097.338;66.787.618;65.798.056;64.709.572;63.123.233;61.472.602;59.651.717;59.917.299;5.909.019;71.092.806;67.793.322;60.466.603;61.471.816;67.848.206
Italy;30.985.153;31.419.462;33.488.384;34.436.082;36.245.068;362.088;35.250.606;34.633.152;34.577.334;35.805.078;3.210.793;30.727.608;29.671.921;27.867.411;27.893.226;29.080.489;34.036.151;33.853.469;36.351.827;36.997.262;3.776.759;42.447.456;4.821.675;51.091.296;50.770.501;57.899.269;57.265.414;55.954.093;59.912.763;58.870.119;5.508.883;57.294.829;61.797.134;67.816.309;73.129.843;79.097.925;83.389.922;87.406.186;89.224.548;91.784.655;95.295.572;98.643.589;10.535.722;11.547.945;12.157.852;11.908.785;11.889.628;11.649.059;11.388.689;11.305.855;10.874.276;10.851.307;10.594.745;10.514.083;10.474.201;10.617.675;10.625.696;1.034.635;1.058.016;11.613.887;11.875.559;11.912.696;12.589.866;13.185.192;13.479.525;13.478.817;13.423.978;1.337.409;13.419.834;13.389.806;15.437.916;14.581.247;13.834.522;13.463.732;13.532.627
Japan;no data;no data;no data;no data;no data;13.503.016;14.889.601;12.019.665;12.831.277;121.211;10.413.437;84.405.844;90.138.887;86.562.559;85.252.259;97.786.935;11.216.134;11.356.836;1.181.746;11.436.378;1.124.863;12.604.938;16.305.228;15.896.144;16.705.092;20.889.573;26.097.625;31.102.928;39.046.826;43.812.703;47.775.621;52.814.987;57.730.372;6.351.113;65.601.839;68.309.844;74.079.102;75.833.458;71.944.262;65.674.493;63.232.682;62.384.549;66.765.616;72.837.523;84.361.173;92.525.578;9.805.354;10.497.094;11.601.995;12.950.119;1.356.086;14.512.353;15.409.566;16.002.076;16.948.993;1.745.947;17.414.256;17.295.109;18.085.069;19.880.682;20.587.929;21.916.162;22.609.283;22.945.072;23.328.113;22.827.837;23.242.123;23.132.077;2.323.803;23.638.106;25.836.886;25.365.204;24.830.916;23.997.054;23.665.953
Kazakhstan;no data;no data;no data;no data;no data;no data;no data;no data;no data;no data;no data;no data;no data;no data;no data;no data;no data;no data;no data;no data;no data;no data;no data;no data;no data;no data;no data;no data;no data;no data;no data;no data;no data;no data;no data;no data;no data;no data;no data;no data;no data;no data;no data;38.862.365;23.997.407;21.472.088;12.703.905;17.969.482;22.466.314;32.700.842;2.533.529;20.470.313;1.759.187;14.962.494;11.391.569;81.044.071;66.769.522;40.919.887;67.658.701;10.227.029;10.682.735;10.161.007;12.125.267;12.602.508;14.496.344;21.881.937;19.677.354;19.869.432;2.025.854;19.943.728;26.357.133;25.100.451;23.524.056;22.981.963;24.804.028
Kiribati;no data;no data;no data;no data;no data;no data;no data;no data;no data;no data;no data;no data;no data;no data;no data;no data;no data;no data;no data;no data;no data;no data;no data;no data;no data;no data;no data;no data;no data;no data;no data;no data;no data;no data;no data;no data;no data;no data;24.618.913;50.336.477;77.172.836;84.314.679;73.143.991;10.926.422;12.292.221;12.268.996;11.016.619;10.716.406;98.079.154;11.841.201;12.692.737;17.009.963;13.264.962;12.314.688;13.623.095;12.115.057;1.287.117;11.114.365;13.852.604;10.274.681;94.299.438;88.024.805;813.481;88.600.617;89.748.964;18.795.442;21.231.001;20.158.678;18.982.646;18.959.089;20.978.412;17.346.953;16.315.788;11.416.383;99.160.102
Korea. Republic of;no data;no data;no data;no data;no data;no data;no data;no data;no data;no data;no data;no data;no data;no data;no data;no data;no data;no data;no data;no data;no data;no data;no data;no data;no data;no data;no data;no data;no data;no data;no data;no data;no data;no data;no data;no data;no data;no data;no data;no data;12.787.315;1.192.572;11.645.269;10.862.126;96.310.384;8.484.557;78.105.397;96.939.101;1.381.718;15.759.142;16.087.068;16.625.069;16.444.395;19.101.829;21.602.522;24.917.414;27.043.411;26.345.625;25.856.443;28.790.524;28.274.647;31.700.104;33.535.501;36.003.965;37.876.458;38.842.657;39.143.586;38.011.446;37.854.018;39.729.917;45.915.048;47.987.823;49.797.859;50.696.557;52.487.525
Kosovo;no data;no data;no data;no data;no data;no data;no data;no data;no data;no data;no data;no data;no data;no data;no data;no data;no data;no data;no data;no data;no data;no data;no data;no data;no data;no data;no data;no data;no data;no data;no data;no data;no data;no data;no data;no data;no data;no data;no data;no data;no data;no data;no data;no data;no data;no data;no data;no data;no data;no data;no data;no data;no data;no data;no data;no data;no data;no data;no data;68.970.197;64.522.451;55.688.228;85.589.811;94.248.023;11.190.025;13.423.798;14.471.867;16.378.668;17.136.626;17.669.284;22.486.709;21.581.322;20.040.694;17.517.588;16.911.462
Kyrgyz Republic;no data;no data;no data;no data;no data;no data;no data;no data;no data;no data;no data;no data;no data;no data;no data;no data;no data;no data;no data;no data;no data;no data;no data;no data;no data;no data;no data;no data;no data;no data;no data;no data;no data;no data;no data;no data;no data;no data;no data;no data;no data;no data;no data;no data;42.400.659;52.425.663;57.651.788;64.802.583;85.123.349;11.956.963;12.330.265;10.820.749;10.794.147;10.823.028;92.666.456;85.660.709;7.335.469;57.743.779;49.011.562;58.494.401;5.969.859;50.055.759;50.477.879;47.124.756;53.596.786;67.087.345;59.072.818;58.786.107;54.817.991;48.848.251;63.643.007;56.201.055;46.821.912;41.950.261;36.644.889
Latvia;no data;no data;no data;no data;no data;no data;no data;no data;no data;no data;no data;no data;no data;no data;no data;no data;no data;no data;no data;no data;no data;no data;no data;no data;no data;no data;no data;no data;no data;no data;no data;no data;no data;no data;no data;no data;no data;no data;no data;no data;no data;no data;no data;no data;no data;97.780.641;89.927.678;74.680.554;98.148.542;14.834.073;15.094.145;17.825.176;15.383.298;15.424.208;14.349.438;11.579.581;9.619.883;76.022.296;16.947.918;33.315.121;40.901.874;39.810.208;38.081.956;3.719.229;39.874.588;35.787.108;39.927.747;40.329.585;38.304.373;37.910.846;44.036.922;45.873.811;44.429.487;44.646.745;47.362.754
Lithuania;no data;no data;no data;no data;no data;no data;no data;no data;no data;no data;no data;no data;no data;no data;no data;no data;no data;no data;no data;no data;no data;no data;no data;no data;no data;no data;no data;no data;no data;no data;no data;no data;no data;no data;no data;no data;no data;no data;no data;no data;no data;no data;no data;no data;no data;11.452.948;13.822.552;15.313.371;16.475.799;22.609.104;23.485.591;22.881.907;2.212.651;20.367.977;1.861.532;17.642.966;17.298.286;15.888.997;14.588.516;27.903.486;36.704.851;37.462.792;39.901.871;38.851.598;40.713.146;42.570.079;39.973.103;39.336.027;3.334.124;35.586.455;45.889.299;43.296.758;38.062.576;37.339.503;38.223.458
Luxembourg;no data;no data;no data;no data;no data;no data;no data;no data;no data;no data;no data;no data;no data;no data;no data;no data;no data;no data;no data;no data;no data;no data;no data;no data;no data;no data;no data;no data;no data;no data;88.260.147;93.116.863;98.389.507;99.958.891;99.910.849;10.392.532;85.659.838;71.820.854;59.134.566;50.929.285;47.171.145;40.803.756;48.259.415;6.027.942;54.950.393;10.282.325;1.016.793;10.062.098;9.510.229;83.936.603;74.941.269;76.231.794;74.478.931;7.434.648;78.298.935;79.501.998;82.051.207;80.917.592;14.627.489;15.285.257;19.089.586;18.503.093;20.849.113;22.407.036;21.863.325;2.113.316;19.597.566;21.802.238;20.870.062;22.338.861;24.532.707;24.184.585;24.901.572;25.024.478;25.981.139
Malaysia;no data;no data;no data;no data;no data;no data;no data;no data;no data;no data;no data;no data;no data;no data;no data;no data;no data;no data;no data;no data;no data;no data;no data;no data;no data;no data;no data;no data;no data;no data;no data;no data;no data;no data;no data;no data;no data;no data;no data;no data;74.128.536;67.319.254;59.109.206;51.134.407;43.723.142;38.165.753;3.276.919;2.962.035;33.636.423;34.362.522;32.517.879;3.806.503;39.532.114;41.393.131;41.960.132;40.777.806;39.661.654;39.348.314;39.360.854;5.040.803;51.212.214;51.898.322;53.787.502;55.656.453;55.373.068;56.970.772;55.787.491;54.395.472;55.645.963;57.082.522;6.769.311;69.162.165;65.500.132;69.749.496;70.390.735
Malta;no data;no data;no data;no data;no data;no data;no data;no data;no data;no data;no data;no data;no data;no data;no data;no data;no data;no data;no data;no data;no data;no data;no data;no data;no data;no data;no data;no data;no data;no data;no data;no data;no data;no data;no data;no data;no data;no data;no data;no data;no data;no data;no data;no data;no data;37.906.778;43.062.736;50.869.742;5.552.829;6.642.987;61.146.173;65.166.483;63.368.887;69.008.604;71.209.216;70.150.711;64.545.265;62.036.812;61.525.822;66.044.185;65.033.279;68.938.357;65.611.597;6.494.401;60.745.043;55.047.745;53.149.019;45.558.206;41.442.758;39.261.073;48.823.279;4.980.321;49.547.312;47.857.863;47.387.671
Marshall Islands;no data;no data;no data;no data;no data;no data;no data;no data;no data;no data;no data;no data;no data;no data;no data;no data;no data;no data;no data;no data;no data;no data;no data;no data;no data;no data;no data;no data;no data;no data;no data;no data;no data;no data;no data;no data;no data;no data;no data;no data;no data;no data;no data;no data;no data;no data;no data;87.302.957;18.148.175;26.053.722;27.294.128;32.710.792;37.165.182;43.713.065;46.795.439;45.753.439;44.354.501;42.227.008;44.059.993;41.196.885;38.830.498;35.917.883;37.555.751;33.352.801;34.942.996;33.874.679;29.214.093;26.532.108;24.687.355;25.126.891;21.668.571;2.005.574;19.807.779;18.668.537;16.678.553
Mauritius;no data;no data;no data;no data;no data;no data;no data;no data;no data;no data;no data;no data;no data;no data;no data;no data;no data;no data;no data;no data;161.044;18.708.809;20.626.099;16.460.996;23.672.258;23.338.944;18.917.769;26.974.769;35.775.601;40.588.843;45.784.801;50.403.406;58.315.913;55.306.893;5.720.873;64.498.115;57.163.963;48.668.351;45.627.904;43.496.488;46.715.796;4.012.352;367.191;34.091.144;39.263.603;45.455.501;4.294.679;43.969.429;43.435.569;44.062.605;59.730.404;60.492.191;66.695.592;70.786.864;61.142.672;61.650.424;5.932.011;51.585.235;49.402.559;58.415.254;56.395.289;56.523.735;55.864.628;58.192.369;6.064.913;64.954.755;64.347.024;63.041.814;64.124.872;74.553.805;93.424.413;93.836.241;86.895.648;85.578.407;91.357.718
Micronesia. Fed. States of;no data;no data;no data;no data;no data;no data;no data;no data;no data;no data;no data;no data;no data;no data;no data;no data;no data;no data;no data;no data;no data;no data;no data;no data;no data;no data;no data;no data;no data;no data;no data;no data;no data;no data;no data;no data;no data;no data;no data;no data;no data;no data;no data;no data;no data;53.911.984;43.392.819;47.172.753;42.134.311;35.874.319;27.143.662;23.783.511;24.303.591;24.929.607;25.739.122;25.004.492;25.404.239;26.036.959;29.173.716;31.124.452;29.369.091;28.598.684;27.291.432;27.940.735;2.836.998;25.968.822;24.572.646;2.392.328;21.041.193;19.744.137;21.480.135;16.955.993;15.073.677;12.862.771;10.924.323
Moldova;no data;no data;no data;no data;no data;no data;no data;no data;no data;no data;no data;no data;no data;no data;no data;no data;no data;no data;no data;no data;no data;no data;no data;no data;no data;no data;no data;no data;no data;no data;no data;no data;no data;no data;no data;no data;no data;no data;no data;no data;no data;no data;no data;no data;no data;79.480.332;87.491.984;89.048.893;15.940.985;15.073.894;890.985;85.380.111;80.342.406;68.059.108;49.334.543;40.421.213;34.984.433;28.274.787;22.195.314;32.612.371;25.474.632;24.200.726;31.332.957;29.974.304;35.363.117;42.096.207;39.677.552;34.860.448;31.799.548;28.792.071;36.633.372;33.638.625;35.037.618;34.943.219;38.132.142
Mongolia;no data;no data;no data;no data;no data;no data;no data;no data;no data;no data;no data;no data;no data;no data;no data;no data;no data;no data;no data;no data;no data;no data;no data;no data;no data;no data;no data;no data;no data;no data;no data;no data;no data;no data;no data;no data;no data;no data;no data;no data;no data;no data;no data;no data;no data;no data;no data;no data;no data;no data;no data;no data;no data;no data;no data;no data;40.937.293;36.113.123;30.992.453;48.535.595;30.975.085;32.652.583;43.692.015;49.423.448;43.962.785;50.546.886;78.677.807;86.897.829;76.538.941;66.836.964;83.391.501;67.727.797;64.488.553;45.873.346;44.362.598
Montenegro;no data;no data;no data;no data;no data;no data;no data;no data;no data;no data;no data;no data;no data;no data;no data;no data;no data;no data;no data;no data;no data;no data;no data;no data;no data;no data;no data;no data;no data;no data;no data;no data;no data;no data;no data;no data;no data;no data;no data;no data;no data;no data;no data;no data;no data;no data;no data;no data;no data;no data;no data;no data;76.708.061;40.897.099;45.371.534;38.568.239;36.691.669;31.757.507;34.184.547;4.368.868;45.006.704;48.571.711;5.686.997;58.653.721;63.359.791;68.760.404;66.390.439;66.206.974;71.884.939;78.793.107;10.734.849;85.626.547;70.552.428;60.468.461;62.641.923
Nauru;no data;no data;no data;no data;no data;no data;no data;no data;no data;no data;no data;no data;no data;no data;no data;no data;no data;no data;no data;no data;no data;no data;no data;no data;no data;no data;no data;no data;no data;no data;no data;no data;no data;no data;no data;no data;no data;no data;no data;no data;no data;no data;no data;no data;no data;no data;no data;no data;no data;no data;no data;no data;no data;no data;no data;no data;no data;no data;no data;2.466.836;24.249.795;1.889.392;12.307.937;12.689.177;11.252.169;82.200.511;61.223.039;77.971.752;71.055.963;59.570.235;56.268.586;20.520.701;22.379.198;20.465.578;17.585.346
Netherlands;14.372.789;12.392.654;11.184.604;10.624.157;92.859.918;8.385.586;78.476.066;76.043.519;78.540.773;76.874.519;69.860.181;69.008.782;66.794.123;64.610.273;59.800.392;5.838.099;5.816.345;57.582.767;56.952.527;48.183.889;4.608.408;43.658.602;41.326.412;38.115.462;36.280.068;36.053.501;35.150.885;34.917.365;38.088.888;3.946.066;43.556.597;46.877.498;52.443.797;5.840.192;61.917.569;67.093.096;68.948.811;71.292.392;73.694.593;73.740.136;75.020.128;74.814.412;75.589.688;76.665.048;73.496.949;73.030.494;71.245.873;65.696.316;62.679.978;58.601;52.154.731;49.414.111;48.692.685;49.804.331;50.095.095;4.957.984;44.960.371;42.741.118;54.352.302;56.289.781;58.897.207;61.166.928;65.690.364;67.160.631;6.716.591;63.799.335;60.882.702;55.985.728;51.521.772;47.597.458;53.347.794;50.431.271;48.345.274;45.098.206;43.234.729
Nicaragua;no data;no data;no data;no data;no data;no data;no data;no data;no data;no data;no data;no data;no data;no data;no data;no data;no data;no data;no data;no data;no data;no data;no data;no data;no data;no data;no data;no data;no data;no data;no data;no data;no data;no data;no data;no data;no data;no data;no data;no data;no data;no data;no data;no data;no data;no data;no data;8.640.458;86.469.963;99.826.428;95.219.355;87.475.545;11.038.549;10.954.021;84.047.522;66.607.603;5.115.567;30.916.019;25.999.247;29.258.146;3.034.714;28.794.343;2.785.246;28.835.446;28.689.616;28.910.783;30.923.391;34.654.189;39.091.497;44.203.758;49.159.634;48.433.362;45.918.849;42.260.507;39.118.415
Nigeria;no data;no data;no data;no data;no data;no data;no data;no data;no data;no data;no data;no data;no data;no data;no data;no data;no data;no data;no data;no data;no data;no data;no data;no data;no data;no data;no data;no data;no data;no data;no data;no data;no data;no data;no data;no data;no data;no data;no data;no data;no data;no data;no data;no data;no data;no data;no data;no data;no data;no data;no data;no data;no data;no data;no data;no data;no data;no data;no data;no data;no data;17.430.772;17.576.815;18.289.297;1.815.553;21.024.081;24.469.154;25.355.339;28.695.436;30.192.283;35.625.273;36.788.649;40.435.144;48.673.118;52.900.153
North Macedonia ;no data;no data;no data;no data;no data;no data;no data;no data;no data;no data;no data;no data;no data;no data;no data;no data;no data;no data;no data;no data;no data;no data;no data;no data;no data;no data;no data;no data;no data;no data;no data;no data;no data;no data;no data;no data;no data;no data;no data;no data;no data;no data;no data;no data;53.248.525;21.316.747;23.486.779;29.337.176;33.102.896;30.445.276;45.560.813;452.145;40.464.236;36.461.255;34.580.017;3.666.909;3.058.568;23.531.595;20.641.671;23.729.338;24.272.662;27.728.043;33.662.031;34.039.645;38.036.011;37.997.501;39.721.188;39.382.734;40.425.274;40.448.434;50.845.999;52.749.568;50.449.301;50.827.147;54.833.632
Norway;no data;no data;no data;no data;no data;no data;no data;no data;no data;no data;no data;no data;no data;no data;no data;no data;no data;no data;no data;no data;41.067.404;41.071.102;41.565.059;40.263.477;37.786.536;39.081.613;40.791.129;46.571.255;53.436.341;56.893.148;47.683.235;433.953;38.488.391;35.405.423;35.212.364;36.921.428;45.995.717;38.519.394;32.429.622;32.338.066;28.944.201;39.241.698;44.995.186;53.651.698;5.064.338;32.737.746;28.445.878;25.756.917;2.357.386;24.959.494;2.866.787;27.233.392;33.944.999;43.077.617;43.829.032;42.326.586;52.587.025;49.515.078;47.545.024;42.543.956;42.951.602;29.610.855;30.908.325;31.427.175;29.661.327;34.334.223;37.938.117;38.256.533;3.941.292;40.558.203;46.112.391;41.641.312;36.110.942;44.211.779;42.719.202
Panama;1.347.352;12.552.143;12.536.232;13.094.017;13.476.563;16.048.265;15.716.753;16.514.241;19.916.143;2.164.974;22.919.673;27.194.307;25.931.062;24.986.595;25.765.646;25.564.479;33.198.887;35.656.301;3.817.042;30.198.858;32.313.293;35.336.182;37.849.206;40.965.862;43.834.618;3.800.954;52;55.072.691;63.101.908;69.016.112;74.890.953;76.542.305;80.860.285;86.574.746;82.536.475;82.541.651;83.990.594;92.204.033;10.503.539;10.440.368;1.126.521;10.369.364;91.230.606;83.553.504;78.366.427;76.670.884;65.034.409;60.193.502;58.137.844;55.149.157;53.586.347;5.782.223;56.981.791;5.647.603;58.780.601;5.933.002;54.740.138;47.440.039;40.032.808;3.906.729;38.109.474;35.644.385;3.404.403;33.738.145;34.733.454;34.250.384;33.617.624;33.571.981;3.559.319;39.862.552;6.149.288;54.403.834;52.702.151;51.493.673;56.618.902
Peru;no data;no data;no data;no data;no data;no data;no data;no data;no data;no data;no data;no data;no data;no data;no data;no data;no data;no data;no data;no data;no data;no data;no data;no data;no data;no data;no data;no data;no data;no data;no data;no data;no data;no data;no data;no data;no data;no data;no data;no data;no data;no data;no data;no data;no data;no data;no data;no data;no data;51.464.262;48.304.296;47.440.949;4.881.299;4.884.523;4.468.555;41.848.239;3.381.814;29.574.986;26.513.855;26.648.093;2.353.731;2.136.401;19.730.345;1.883.949;19.210.937;22.476.186;22.947.914;23.165.992;23.473.821;24.697.854;3.232.491;33.656.557;31.919.023;31.186.676;30.921.257
Philippines;10.887.489;10.395.683;97.376.808;12.717.706;12.167.466;1.314.629;14.496.651;13.735.405;1.602.595;16.793.346;13.835.107;13.817.321;13.300.075;11.818.012;11.827.937;12.635.568;1.277.371;12.950.324;13.476.589;14.565.557;14.147.675;13.556.961;15.393.095;13.849.888;12.405.817;12.462.515;15.996.384;1.856.092;21.461.519;20.707.251;22.706.602;25.110.584;2.961.576;38.338.363;40.242.718;47.444.696;68.353.066;69.965.607;60.947.726;55.220.409;56.184.106;5.559.742;53.909.829;68.596.604;63.602.625;60.848.952;53.074.388;56.890.602;50.773.325;54.217.731;59.202.745;59.470.941;6.518.395;71.392.968;71.082.311;64.674.293;57.188.542;50.167.617;50.010.093;49.805.296;47.586.513;45.433.618;45.691.174;43.863.144;40.299.298;39.687.992;37.376.365;38.130.096;37.147.156;36.972.652;51.643.608;57.004.626;57.388.785;56.484.457;57.060.458
Poland;no data;no data;no data;no data;no data;no data;no data;no data;no data;no data;no data;no data;no data;no data;no data;no data;no data;no data;no data;no data;no data;no data;no data;no data;no data;no data;no data;no data;no data;no data;no data;no data;no data;no data;no data;no data;no data;no data;no data;no data;89.691.044;76.936.601;81.946.615;83.916.324;64.277.499;48.739.423;43.169.165;42.707.635;38.691.636;39.365.669;36.397.147;37.161.863;41.566.248;464.071;44.908.498;46.474.198;47.097.621;44.427.514;46.559.363;49.700.504;53.747.735;54.780.204;54.472.206;56.859.047;51.129.965;5.105.616;54.128.807;50.444.303;48.233.678;45.211.071;56.584.671;53.013.585;48.785.915;4.971.811;55.282.218
Portugal;no data;no data;no data;no data;no data;no data;no data;no data;no data;no data;no data;no data;no data;no data;no data;no data;no data;no data;no data;no data;20.635.641;20.321.388;19.012.841;17.807.647;1.744.451;25.295.294;30.799.295;32.228.411;36.162.084;2.467.699;35.003.265;43.195.232;47.219.237;51.297.804;56.889.441;61.246.053;60.809.186;58.211.623;5.779.821;56.318.261;60.213.027;63.915.451;58.095.741;57.231.096;60.421.384;62.214.774;6.331.226;5.871.551;55.615.697;55.405.536;54.193.086;57.380.182;60.043.745;63.897.307;67.099.497;72.249.082;73.679.427;72.727.962;75.642.592;87.799.038;10.007.539;11.402.387;12.860.352;13.084.079;13.245.326;1.310.233;13.118.025;12.602.922;1.211.123;11.610.971;13.409.638;12.387.825;11.123.173;97.732.783;94.927.404
Romania;no data;no data;no data;no data;no data;no data;no data;no data;no data;no data;no data;no data;no data;no data;no data;no data;no data;no data;no data;no data;no data;no data;no data;no data;no data;no data;no data;no data;no data;no data;no data;no data;no data;no data;no data;no data;no data;no data;no data;no data;no data;no data;no data;no data;no data;69.057.355;10.994.867;15.030.701;16.466.335;21.721.897;22.486.587;25.869.442;24.820.797;22.109.332;18.945.246;1.590.511;12.423.584;11.949.157;12.331.628;21.773.862;28.961.425;32.344.751;35.374.485;37.781.263;39.136.694;37.711.294;37.833.877;35.262.252;34.375.456;34.962.178;46.611.593;48.339.013;47.895.988;48.875.594;54.581.212
Russian Federation;no data;no data;no data;no data;no data;no data;no data;no data;no data;no data;no data;no data;no data;no data;no data;no data;no data;no data;no data;no data;no data;no data;no data;no data;no data;no data;no data;no data;no data;no data;no data;no data;no data;no data;no data;no data;no data;no data;no data;no data;no data;no data;no data;no data;no data;no data;no data;no data;1.351.933;92.379.379;55.868.371;44.438.155;37.577.188;28.334.198;20.827.898;1.485.063;98.039.012;80.326.956;74.462.447;99.181.918;10.105.264;10.340.154;11.167.431;12.348.062;15.135.824;1.528.642;14.849.323;14.311.072;13.619.616;13.747.518;19.156.129;16.524.341;18.480.342;19.486.623;20.302.591
Saint Kitts and Nevis;no data;no data;no data;no data;no data;no data;no data;no data;no data;no data;no data;no data;no data;no data;no data;no data;no data;no data;no data;no data;no data;no data;no data;no data;no data;no data;no data;no data;no data;no data;no data;no data;no data;no data;no data;no data;no data;no data;no data;no data;no data;no data;no data;no data;no data;no data;5.066.627;67.221.842;79.031.072;89.184.837;9.647.671;10.517.495;11.971.714;1.406.838;15.312.967;13.009.738;14.034.831;13.540.188;12.340.831;12.906.777;13.490.111;12.707.425;12.135.875;91.499.447;69.335.519;62.190.728;57.365.643;53.330.469;53.910.648;54.280.852;67.962.937;69.092.278;60.200.253;55.928.592;52.190.957
Saint Vincent and the Grenadines;no data;no data;no data;no data;no data;no data;no data;no data;no data;no data;no data;no data;no data;no data;no data;no data;no data;no data;no data;no data;no data;no data;no data;no data;no data;no data;no data;no data;no data;no data;no data;no data;no data;no data;no data;no data;no data;no data;no data;no data;53.940.796;52.055.017;49.579.015;48.085.562;52.819.955;4.680.203;406.805;38.794.049;39.534.056;52.853.483;54.264.133;52.005.253;53.178.397;5.533.869;58.570.965;50.523.376;44.744.495;48.460.696;50.312.787;5.724.837;61.116.668;64.020.458;68.101.962;69.947.335;75.037.106;75.096.278;7.944.498;68.995.825;69.396.057;68.155.128;79.970.047;88.355.182;8.630.105;89.177.588;92.693.127
Serbia;no data;no data;no data;no data;no data;no data;no data;no data;no data;no data;no data;no data;no data;no data;no data;no data;no data;no data;no data;no data;no data;no data;no data;no data;no data;no data;no data;no data;no data;no data;no data;no data;no data;no data;no data;no data;no data;no data;no data;no data;no data;no data;no data;no data;no data;no data;no data;no data;no data;no data;20.063.484;9.589.121;68.420.451;64.446.006;57.582.793;50.132.767;37.041.338;300.107;29.414.268;32.629.895;381.979;42.009.583;51.726.713;54.101.797;63.473.951;67.077.702;64.978.412;55.256.826;5.113.673;49.454.295;54.324.922;53.637.457;50.906.755;45.666.757;44.479.026
Slovak Republic;no data;no data;no data;no data;no data;no data;no data;no data;no data;no data;no data;no data;no data;no data;no data;no data;no data;no data;no data;no data;no data;no data;no data;no data;no data;no data;no data;no data;no data;no data;no data;no data;no data;no data;no data;no data;no data;no data;no data;no data;no data;no data;no data;272.558;2.394.078;21.312.376;30.339.356;32.824.757;33.781.414;47.000.255;5.049.807;51.199.307;45.366.935;43.523.574;41.876.917;3.487.675;31.433.865;30.337.112;28.613;36.383.832;40.637.482;43.250.137;51.674.206;54.582.626;53.347.405;51.524.328;5.204.664;5.128.554;49.188.432;47.918.348;5.830.461;60.061.063;57.570.591;55.996.596;58.016.539
Slovenia;no data;no data;no data;no data;no data;no data;no data;no data;no data;no data;no data;no data;no data;no data;no data;no data;no data;no data;no data;no data;no data;no data;no data;no data;no data;no data;no data;no data;no data;no data;no data;no data;no data;no data;no data;no data;no data;no data;no data;no data;no data;no data;no data;no data;17.875.179;18.228.097;21.597.797;22.096.812;22.820.613;2.381.716;26.085.448;26.323.934;27.682.339;27.027.581;27.100.496;26.588.528;26.207.564;22.943.364;21.893.853;34.940.539;38.607.188;46.814.764;54.073.903;70.836.235;81.133.002;83.418.152;79.430.288;74.889.913;7.100.659;66.020.371;80.169.966;74.832.092;72.738.663;68.394.182;67.039.083
Spain;no data;no data;no data;no data;no data;no data;no data;no data;no data;no data;no data;no data;no data;no data;no data;no data;no data;no data;no data;no data;no data;no data;no data;no data;no data;no data;no data;no data;no data;no data;16.106.555;19.449.588;24.428.127;29.516.249;36.023.336;40.866.075;42.073.322;41.915.137;38.501.906;39.869.669;41.304.267;41.863.747;44.132.982;54.567.271;57.018.953;61.586.475;65.441.953;642.863;62.354.666;60.853.144;57.840.514;54.052.228;51.236.868;47.686.949;45.332.696;4.239.519;39.019.058;35.698.127;396.088;53.079.279;6.026.603;6.952.841;8.956.038;10.000.031;10.441.762;10.244.212;1.019.665;10.114.424;99.718.283;97.578.816;11.917.898;11.559.391;10.940.393;10.503.426;10.182.044
Sweden;no data;no data;no data;no data;no data;no data;no data;no data;no data;no data;no data;no data;no data;no data;no data;no data;no data;no data;no data;no data;27.469.387;2.782.541;27.685.224;27.024.738;27.372.383;26.603.891;24.819.755;26.935.373;31.111.936;35.650.989;39.808.513;4.695.316;55.605.621;58.875.072;59.986.364;5.966.507;59.164.897;52.649.012;47.202.419;42.912.027;38.969.887;4.686.488;58.966.183;66.096.477;68.551.374;68.692.631;68.933.618;67.701.155;6.539.963;60.278.689;50.438.187;51.985.968;49.839.962;49.444.645;48.665.728;48.897.303;43.840.028;39.198.756;37.952.244;41.192.322;38.592.934;37.669.829;37.992.414;40.776.753;45.686.272;44.456.223;42.786.434;41.558.426;39.809.703;35.694.355;40.139.073;36.685.462;3.362.902;31.460.915;32.642.485
Switzerland;no data;no data;no data;no data;no data;no data;no data;no data;no data;no data;no data;no data;no data;no data;no data;no data;no data;no data;no data;no data;no data;no data;no data;no data;no data;no data;no data;no data;no data;no data;no data;no data;no data;33.322.485;33.005.222;32.417.934;31.128.789;30.239.281;28.993.612;26.941.506;3.333.143;35.092.407;39.487.218;44.372.402;47.078.919;49.994.437;51.339.083;53.671.176;55.938.444;52.685.049;52.225.356;5.107.727;57.699.737;56.876.919;57.802.975;54.884.316;4.846.323;44.750.984;44.817.402;43.091.054;41.456.666;41.882.551;4.256.903;41.947.608;42.070.336;42.160.255;40.933.626;41.751.039;39.783.452;39.637.382;43.200.142;40.980.365;37.191.378;38.679.454;37.577.806
Taiwan Province of China;no data;no data;no data;no data;no data;no data;no data;no data;no data;no data;no data;no data;no data;no data;no data;no data;no data;no data;no data;no data;no data;no data;no data;no data;no data;no data;no data;no data;no data;no data;no data;no data;no data;no data;no data;no data;no data;no data;no data;no data;no data;no data;no data;no data;no data;no data;no data;2.498.249;23.686.645;23.690.115;26.227.295;30.125.563;29.778.821;3.214.996;33.445.752;34.067.814;33.296.974;32.156.545;33.353.176;36.710.795;36.889.863;3.834.263;39.204.933;38.894.747;37.488.433;35.941.432;3.536.392;34.457.937;33.831.378;32.612.034;31.958.246;30.085.622;29.482.617;29.044.261;26.165.001
Tajikistan;no data;no data;no data;no data;no data;no data;no data;no data;no data;no data;no data;no data;no data;no data;no data;no data;no data;no data;no data;no data;no data;no data;no data;no data;no data;no data;no data;no data;no data;no data;no data;no data;no data;no data;no data;no data;no data;no data;no data;no data;no data;no data;no data;no data;no data;no data;no data;no data;96.566.524;10.780.669;11.142.891;99.448.644;98.296.912;69.760.188;49.412.182;45.843.282;36.806.967;34.269.358;30.228.601;36.939.891;36.837.828;35.512.324;32.462.498;29.291.642;27.892.329;35.018.934;42.179.214;46.299.834;46.584.732;43.494.513;51.761.681;42.096.837;32.501.197;30.937.345;2.954.284
Tanzania;no data;no data;no data;no data;no data;no data;no data;no data;no data;no data;no data;no data;no data;no data;no data;no data;no data;no data;no data;no data;92.806.162;43.681.269;42.882.391;42.824.613;40.810.582;4.123.219;4.071.055;39.877.206;41.356.259;40.747.265;43.143.022;41.849.846;39.630.641;40.424.747;43.491.397;51.643.913;39.686.307;71.155.393;78.563.617;88.132.339;12.476.438;10.650.866;11.759.618;12.918.751;12.601.806;11.111.086;89.638.998;73.374.757;6.220.048;62.886.944;55.359.557;50.770.359;47.371.423;44.375.818;44.521.628;4.609.135;34.461.764;23.760.667;21.743.395;24.013.394;275.533;28.382.779;30.045.548;32.680.234;36.409.311;39.523.594;39.797.165;40.109.451;42.032.444;40.436.605;41.269.442;43.394.446;44.853.919;47.357.514;48.214.018
Thailand;no data;no data;no data;no data;no data;no data;no data;no data;no data;no data;no data;no data;no data;no data;no data;no data;no data;no data;no data;no data;no data;no data;no data;no data;no data;no data;no data;no data;no data;no data;no data;no data;no data;no data;no data;no data;no data;no data;no data;no data;no data;no data;no data;no data;no data;no data;no data;no data;no data;no data;no data;no data;no data;no data;no data;25.896.613;23.992.813;22.899.202;22.079.366;26.795.897;27.782.025;27.315.354;28.516.681;29.638.856;29.951.162;32.216.929;30.691.023;32.527.594;33.952.898;34.046.603;45.095.585;52.779.103;53.739.223;54.629.002;57.172.238
Turkmenistan;no data;no data;no data;no data;no data;no data;no data;no data;no data;no data;no data;no data;no data;no data;no data;no data;no data;no data;no data;no data;no data;no data;no data;no data;no data;no data;no data;no data;no data;no data;no data;no data;no data;no data;no data;no data;no data;no data;no data;no data;no data;no data;no data;no data;no data;no data;no data;84.865.335;1.079.154;88.152.011;72.895.174;45.068.043;31.963.482;22.366.796;15.091.677;90.119.749;55.866.573;40.470.442;47.064.996;40.813.683;62.146.681;10.018.897;13.761.804;16.013.711;12.304.383;1.454.457;18.520.179;19.980.362;18.662.507;15.271.739;13.323.125;10.652.752;57.720.019;4.656.105;46.214.895
Trkiye. Republic of;no data;no data;no data;no data;no data;no data;no data;no data;no data;no data;no data;no data;no data;no data;no data;no data;no data;no data;no data;no data;no data;no data;no data;no data;no data;no data;no data;no data;no data;no data;no data;no data;no data;no data;no data;no data;no data;no data;no data;no data;no data;no data;no data;no data;no data;no data;no data;no data;no data;no data;51.318.469;75.509.067;71.506.141;651.598;57.158.377;50.196.038;44.225.348;37.758.743;37.748.024;43.211.957;3.951.069;35.911.786;32.226.663;30.892.401;28.277.361;27.162.614;27.746.645;27.777.075;29.859.528;3.238.982;39.445.803;4.038.396;30.802.472;29.262.843;25.970.907
Ukraine;no data;no data;no data;no data;no data;no data;no data;no data;no data;no data;no data;no data;no data;no data;no data;no data;no data;no data;no data;no data;no data;no data;no data;no data;no data;no data;no data;no data;no data;no data;no data;no data;no data;no data;no data;no data;no data;no data;no data;no data;no data;no data;no data;no data;no data;30.151.822;2.436.603;28.891.838;46.537.366;58.958.847;43.789.532;36.690.024;33.579.562;29.380.226;24.798.092;17.740.632;14.800.602;12.266.637;20.412.978;35.424.768;40.625.843;36.875.672;37.541.538;40.518.808;70.316.871;79.330.617;79.512.843;71.620.256;60.352.682;50.452.498;60.505.398;48.917.085;77.717.256;82.328.981;89.843.445
United Arab Emirates;no data;no data;no data;no data;no data;no data;no data;no data;no data;no data;no data;no data;no data;no data;no data;no data;no data;no data;no data;no data;no data;no data;no data;0.71818416;11.076.178;17.771.951;31.695.149;36.466.676;34.619.297;36.994.311;24.881.407;22.878.974;25.219.857;30.964.417;34.705.934;38.895.569;53.542.035;52.825.313;55.970.118;51.952.752;42.998.697;49.729.449;53.126.392;60.108.754;55.834.102;50.618.867;34.826.067;28.589.151;41.829.198;4.726.629;31.198.914;26.896.826;34.271.481;33.319.962;40.800.812;44.815.216;50.516.548;88.916.651;89.494.419;21.136.111;18.798.562;20.862.349;20.657.221;15.611.114;13.818.651;1.610.446;1.926.705;2.186.356;21.329.189;2.680.107;41.293.841;36.291.296;3.205.678;32.435.968;32.114.167
United Kingdom;17.989.667;16.218.009;15.014.853;14.087.122;13.584.146;12.755.345;1.190.355;11.263.947;10.893.689;1.033.618;97.938.579;94.152.184;9.098.159;89.213.628;82.645.272;77.227.696;7.467.233;71.868.372;70.964.438;66.036.904;73.421.641;67.936.117;65.039.682;58.538.645;56.166.139;49.589.365;47.683.601;53.680.622;47.254.308;44.521.022;43.709.274;41.131.367;44.700.805;44.199.324;44.139.236;42.894.147;42.862.741;41.752.464;36.584.168;3.143.626;28.262.052;28.722;33.977.266;42.115.983;40.703.311;45.057.845;44.738.476;44.132.032;41.969.512;40.409.759;37.685.691;34.957.749;35.434.462;36.763.689;39.801.548;41.000.423;42.058.289;43.173.898;50.827.372;64.915.012;7.586.023;81.425.066;84.482.601;85.316.059;87.094.325;87.866.687;8.782.519;86.722.814;86.345.145;85.657.192;10.584.011;10.513.074;99.613.684;10.036.298;10.128.941
United States;83.126.037;72.955.032;72.525.492;71.753.219;73.568.066;68.498.633;64.726.033;62.329.546;64.927.332;62.335.885;60.832.947;61.393.351;59.371.678;57.954.916;55.988.829;53.060.492;50.144.581;50.395.849;4.873.687;45.939.659;46.228.617;46.639.114;45.073.158;42.257.212;41.160.763;44.419.521;44.598.714;43.301.052;42.086.737;40.668.018;41.268.459;40.390.362;4.501.271;47.920.336;49.568.908;54.205.577;57.663.935;59.466.124;60.338.227;60.455.952;62.162.725;66.545.629;68.809.346;70.796.786;69.579.457;69.110.259;68.234.457;65.839.581;62.603.912;59.031.395;53.169.404;53.331.469;55.722.557;58.803.416;66.277.188;65.607.959;64.343.452;64.739.251;73.589.542;86.786.798;95.347.358;99.680.764;10.324.415;10.452.196;10.442.918;10.485.393;10.678.034;10.572.778;10.704.127;10.819.672;13.203.249;12.471.632;1.188.064;11.899.808;12.078.568
Uzbekistan;no data;no data;no data;no data;no data;no data;no data;no data;no data;no data;no data;no data;no data;no data;no data;no data;no data;no data;no data;no data;no data;no data;no data;no data;no data;no data;no data;no data;no data;no data;no data;no data;no data;no data;no data;no data;no data;no data;no data;no data;no data;no data;no data;no data;no data;no data;no data;no data;18.000.864;18.382.488;29.478.736;44.838.459;41.632.893;31.412.345;26.877.137;21.011.501;13.538.512;95.553.294;83.331.808;73.009.918;66.095.205;6.330.977;67.565.657;62.280.161;60.873.548;67.214.958;81.899.573;17.263.537;17.455.414;25.375.323;33.672.591;31.725.299;30.528.653;32.181.409;32.649.939
Venezuela;no data;no data;no data;no data;no data;no data;no data;no data;no data;no data;no data;no data;no data;no data;no data;no data;no data;no data;no data;no data;no data;no data;no data;no data;no data;no data;no data;no data;no data;no data;no data;no data;no data;no data;no data;no data;no data;no data;no data;no data;no data;no data;no data;no data;no data;no data;no data;no data;30.655.178;29.563.955;27.700.467;30.728.852;48.176.668;56.028.999;41.783.026;3.491.286;25.658.183;26.364.415;2.031.132;2.757.364;37.706.459;52.476.046;58.444.886;85.399.473;84.896.728;12.976.223;13.840.423;1.336.096;17.531.313;20.599.016;33.654.462;25.424.231;16.442.252;13.846.079;16.427.219
Vietnam;no data;no data;no data;no data;no data;no data;no data;no data;no data;no data;no data;no data;no data;no data;no data;no data;no data;no data;no data;no data;no data;no data;no data;no data;no data;no data;no data;no data;no data;no data;no data;no data;no data;no data;no data;no data;no data;no data;no data;no data;no data;no data;no data;no data;no data;no data;no data;no data;no data;no data;24.754.757;25.420.214;27.711.371;29.835.244;29.362.706;28.669.144;30.248.265;32.209.522;31.045.296;36.170.226;37.286.046;36.184.951;38.329.803;41.412.898;43.642.335;4.611.662;47.879.786;46.621.125;43.798.013;40.993.334;41.319.086;39.237.182;34.923.433;34.416.592;32.860.139
Yemen;no data;no data;no data;no data;no data;no data;no data;no data;no data;no data;no data;no data;no data;no data;no data;no data;no data;no data;no data;no data;no data;no data;no data;no data;no data;no data;no data;no data;no data;no data;no data;no data;no data;no data;no data;no data;no data;no data;no data;no data;91.565.431;82.685.029;78.022.149;7.674.738;73.349.757;84.107.591;11.490.499;74.156.532;11.059.523;96.050.252;60.840.745;60.568.578;57.827.228;56.823.012;52.068.094;4.380.071;40.842.372;40.407.906;36.421.266;49.842.358;42.379.573;45.725.985;47.577.187;48.431.843;48.949.944;5.773.725;7.650.523;83.788.551;86.897.102;91.478.351;86.997.026;75.914.176;65.312.807;77.860.449;70.940.258
;;;;;;;;;;;;;;;;;;;;;;;;;;;;;;;;;;;;;;;;;;;;;;;;;;;;;;;;;;;;;;;;;;;;;;;;;;;
IMF, 2025;;;;;;;;;;;;;;;;;;;;;;;;;;;;;;;;;;;;;;;;;;;;;;;;;;;;;;;;;;;;;;;;;;;;;;;;;;;